{
  "s3_key": "61/generate/22c162e1-87bf-48b0-9fb4-eea60ee090a6~~generated.jpeg",
  "predictions": {
    "trustworthy": -0.2541923758495876,
    "attractive": -0.3444945616429526,
    "dominant": 0.3327453172816769,
    "smart": -0.06733925190705947,
    "age": 0.0070837126284340884,
    "gender": 1.6739689964821864,
    "weight": 0.32184006796747183,
    "typical": 0.2648957398024487,
    "happy": -0.2681259321836757,
    "familiar": -0.2979029647238786,
    "outgoing": -0.3709288222065538,
    "well-groomed": -0.7808579302888494,
    "long-haired": -1.9375842883248577,
    "smug": 0.17144879523317408,
    "dorky": 0.1638099359124921,
    "hair-color": 1.1022509524321524,
    "alert": 0.1794478069681968,
    "cute": -0.4498377400021028,
    "privileged": -0.3569098747313997,
    "liberal": -0.4463341554845459,
    "electable": 0.034526916910454036,
    "outdoors": -0.9907797380580248,
    "healthy": 0.006558619239808383
  }
}