{
  "s3_key": "61/generate/c6c20914-d228-41ae-89d0-9c8ba829ac93~~generated.jpeg",
  "predictions": {
    "trustworthy": 0.4623835613537608,
    "attractive": 0.9266153142067082,
    "dominant": -0.06248598775623507,
    "smart": 0.8002837335053445,
    "age": 0.2615524511158057,
    "gender": -0.9302244911326886,
    "weight": -0.5326087618552675,
    "typical": 0.1752089136939732,
    "happy": 0.46688596130680543,
    "familiar": 0.6314660262119174,
    "outgoing": 0.5777079340860289,
    "well-groomed": 0.9319753446015937,
    "long-haired": 0.8018803988077929,
    "smug": -0.27300326613619247,
    "dorky": -0.4805552867730102,
    "hair-color": -0.1257599462183151,
    "alert": 1.0531675393150421,
    "cute": 0.5142041625787108,
    "privileged": 0.7532678577426218,
    "liberal": 0.32538915199751894,
    "electable": 0.7084197233769571,
    "outdoors": -0.6592588874338177,
    "healthy": 0.46349751443746245
  }
}