{
  "s3_key": "61/generate/148ca6ac-5ec0-4cdd-b7f2-b0747ff24ba7~~generated.jpeg",
  "predictions": {
    "trustworthy": -0.46356907753636983,
    "attractive": 0.30459950366690497,
    "dominant": 0.7614720617287072,
    "smart": 0.9828626751600662,
    "age": 1.0285281997621187,
    "gender": 0.8210733337145002,
    "weight": -0.4764801656130086,
    "typical": 1.1396456212428498,
    "happy": 0.19367576797560265,
    "familiar": 0.9276559877692885,
    "outgoing": -0.05361888593421109,
    "well-groomed": 0.20546661940958907,
    "long-haired": -0.6859891513014436,
    "smug": 0.45923427877086836,
    "dorky": 0.5395357119539108,
    "hair-color": -0.8158507206382634,
    "alert": -0.0954079855151177,
    "cute": -1.0513802115128903,
    "privileged": 1.6124490176777224,
    "liberal": -1.1506990074097192,
    "electable": 1.2649449030507007,
    "outdoors": -0.6911425860108076,
    "healthy": -0.47136487586875775
  }
}