{
  "s3_key": "61/generate/a26ae13a-34ce-4ba1-bcae-1f697485d87c~~generated.jpeg",
  "predictions": {
    "trustworthy": 0.09379303646965981,
    "attractive": 0.13531924312715374,
    "dominant": -0.2617788011230736,
    "smart": 0.8279325481684372,
    "age": -0.3540066800241835,
    "gender": -0.05826808217140003,
    "weight": -0.6280320184158428,
    "typical": -0.46181686248889525,
    "happy": 0.3653257278299564,
    "familiar": -0.17731240634743656,
    "outgoing": 0.3205577986681437,
    "well-groomed": -0.15020423405965055,
    "long-haired": 0.7655017664232323,
    "smug": 0.3770341233040127,
    "dorky": 1.216441220954758,
    "hair-color": 0.9480889045724158,
    "alert": 0.009232867578527981,
    "cute": 0.12483165418559594,
    "privileged": -0.019297618633867003,
    "liberal": 1.1101938047320392,
    "electable": 0.1959928451698367,
    "outdoors": -0.02513174548933228,
    "healthy": 0.4547222362229649
  }
}