{
  "s3_key": "61/generate/261a0a04-8935-45f8-ac5d-7941d04c869a~~generated.jpeg",
  "predictions": {
    "trustworthy": -0.5756921046897006,
    "attractive": -0.3961212327469202,
    "dominant": -0.8562249879152719,
    "smart": -3.967667406897436,
    "age": -1.7776299181607509,
    "gender": 2.3993156457043106,
    "weight": -0.5703345742748807,
    "typical": 0.37688850753117875,
    "happy": -0.6359284352701924,
    "familiar": -1.5486924174451107,
    "outgoing": -0.49765568356381606,
    "well-groomed": -0.9498394269364497,
    "long-haired": -3.2466707226411624,
    "smug": -0.4259452425588237,
    "dorky": -1.2526258153454706,
    "hair-color": -0.6188842652852157,
    "alert": -0.7909202271524249,
    "cute": 0.709200763563604,
    "privileged": -1.0007390443428645,
    "liberal": -0.8655931664568746,
    "electable": -3.0781966458009857,
    "outdoors": 1.040258329363827,
    "healthy": 0.34707063788297
  }
}