{
  "s3_key": "61/generate/27c96770-4dc2-4231-ad02-bcd94713ef63~~generated.jpeg",
  "predictions": {
    "trustworthy": 1.1190438179812146,
    "attractive": 0.13408259997973165,
    "dominant": -1.8552009460593266,
    "smart": -1.7897739954999934,
    "age": -1.5087684314985963,
    "gender": -0.8997343959916996,
    "weight": -0.4863189223724353,
    "typical": 0.5480789942036395,
    "happy": 0.1296205134092178,
    "familiar": 0.31294297036738183,
    "outgoing": 0.2591352367417021,
    "well-groomed": 0.2943566359941149,
    "long-haired": 0.4736792432958602,
    "smug": -1.2676093275807128,
    "dorky": -0.5706259998943649,
    "hair-color": -2.093033406137574,
    "alert": -0.3979333954124619,
    "cute": 1.457155920222051,
    "privileged": 1.343773112394172,
    "liberal": -0.4796872398566524,
    "electable": -1.8690893901519656,
    "outdoors": -0.8528895535294638,
    "healthy": 0.5425333031676661
  }
}