{
  "s3_key": "61/generate/f8fc2db3-c2ba-4ebf-8e18-0b12863182fd~~generated.jpeg",
  "predictions": {
    "trustworthy": -1.1082684549343,
    "attractive": -1.4585696810751088,
    "dominant": 1.7879048540687799,
    "smart": 1.2881209198765364,
    "age": 2.332074144629635,
    "gender": 2.409286489796523,
    "weight": 0.1504294199427089,
    "typical": 0.6220278869621033,
    "happy": -0.5063138113396473,
    "familiar": 0.7711623066692856,
    "outgoing": -0.5768872891276615,
    "well-groomed": -0.709690942288622,
    "long-haired": -2.344895197026648,
    "smug": 1.029399631598506,
    "dorky": 0.7376736223970386,
    "hair-color": -0.904570856934272,
    "alert": -0.3974598268929371,
    "cute": -2.3164472467257053,
    "privileged": 0.9222724923319666,
    "liberal": -2.1751186925317687,
    "electable": 1.8088098578379084,
    "outdoors": 1.0289743992024432,
    "healthy": -1.5985243173671928
  }
}