{
  "s3_key": "61/generate/1fe80b1b-c7eb-451e-93e1-ef8f8b76ec42~~generated.jpeg",
  "predictions": {
    "trustworthy": -0.682537316133847,
    "attractive": -0.16312699560794347,
    "dominant": 0.90947767217807,
    "smart": 1.075650664338329,
    "age": 0.8914725492191784,
    "gender": 1.7763152576406143,
    "weight": -0.6415483569400116,
    "typical": 0.8305104082195833,
    "happy": -0.3046220391715743,
    "familiar": 0.9930977335805469,
    "outgoing": -0.27769962454635444,
    "well-groomed": -0.9483452581052075,
    "long-haired": -0.9983268669094023,
    "smug": 0.46391763075434117,
    "dorky": 0.6391679815902223,
    "hair-color": -0.7706249446877192,
    "alert": 0.3254417227355605,
    "cute": -1.1887324202747258,
    "privileged": 1.7170117621915593,
    "liberal": -1.2722174290522816,
    "electable": 1.0886622884635089,
    "outdoors": -2.4250805739829033,
    "healthy": -0.4021361223310107
  }
}