{
  "s3_key": "61/generate/8db61264-1494-4e8c-9048-39fa879de8ec~~generated.jpeg",
  "predictions": {
    "trustworthy": -0.8556047824920003,
    "attractive": 0.21841371596129688,
    "dominant": 0.4086911345297851,
    "smart": -1.0467542416280473,
    "age": -0.44182797511389654,
    "gender": -0.028807850315514,
    "weight": -0.2297269976600536,
    "typical": -0.7407765671781654,
    "happy": -0.7847617268658169,
    "familiar": -0.6614908621711444,
    "outgoing": -0.6858685046181897,
    "well-groomed": 0.07847867990866986,
    "long-haired": 0.2728403055090061,
    "smug": 0.5723061885165157,
    "dorky": -0.6015609791377388,
    "hair-color": 0.0057020868704255046,
    "alert": -0.5544881466665426,
    "cute": -0.016720571780364846,
    "privileged": -0.05306699218107955,
    "liberal": 0.051489578076854364,
    "electable": -0.6029633448513391,
    "outdoors": 0.5864244502406855,
    "healthy": 0.12554862046972254
  }
}