{
  "s3_key": "61/generate/f1657c87-fed7-4153-a6d3-7f04eb6da849~~generated.jpeg",
  "predictions": {
    "trustworthy": 0.7127823995655809,
    "attractive": 2.2777234623525318,
    "dominant": -1.4523352979326496,
    "smart": -1.7487551078933836,
    "age": -1.8047615371320365,
    "gender": -2.1541340628776586,
    "weight": -0.9965345330042861,
    "typical": 0.15437268450183497,
    "happy": 0.1118776186798892,
    "familiar": 0.7407696110260671,
    "outgoing": 0.6337026694426467,
    "well-groomed": 1.0941224953996551,
    "long-haired": 1.6622662798638526,
    "smug": -0.9821556498543704,
    "dorky": -2.123092224106033,
    "hair-color": -1.177048578714273,
    "alert": 0.5422307050540869,
    "cute": 2.446662413393263,
    "privileged": 1.7303236867927332,
    "liberal": 0.477538949577048,
    "electable": -1.631552487621844,
    "outdoors": -1.6004957940956959,
    "healthy": 1.6903684579282707
  }
}