{
  "s3_key": "61/generate/c264d22e-98f8-4b75-b1c9-70315f81977c~~generated.jpeg",
  "predictions": {
    "trustworthy": -0.9809779426580285,
    "attractive": -0.554113841127122,
    "dominant": 1.1953708694237835,
    "smart": 0.14111795020638934,
    "age": 0.26712110541020495,
    "gender": 3.4304804121263945,
    "weight": -0.3076492379208735,
    "typical": 0.3683005923504766,
    "happy": 0.020837982978421918,
    "familiar": 0.6417726255599749,
    "outgoing": -0.07642528329642714,
    "well-groomed": -2.420753252207458,
    "long-haired": -2.882853660502856,
    "smug": 1.3390609310988437,
    "dorky": 1.4785005220448362,
    "hair-color": 0.39966808636299594,
    "alert": -0.02678745997723403,
    "cute": -1.3102076069788071,
    "privileged": 0.5366777498754064,
    "liberal": -0.7027078266795415,
    "electable": 0.5991082528841384,
    "outdoors": 0.27068288737432605,
    "healthy": -0.3462756510515932
  }
}