{
  "s3_key": "61/generate/3aafe467-8838-4a29-9608-8dd1244644e4~~generated.jpeg",
  "predictions": {
    "trustworthy": -0.03128674839823914,
    "attractive": 0.1236724396067678,
    "dominant": -0.07850660753280522,
    "smart": -0.3035140260831251,
    "age": -0.19484195566063023,
    "gender": -0.32559876646517383,
    "weight": 0.3030703511580635,
    "typical": -0.033173333530080784,
    "happy": 0.00490583746505073,
    "familiar": -0.15945689070810365,
    "outgoing": -0.0461364905473572,
    "well-groomed": -0.01920042949077284,
    "long-haired": 0.047142960482529195,
    "smug": 0.2551401675297183,
    "dorky": -0.12641961937477048,
    "hair-color": -0.04126463453466955,
    "alert": -0.25652687625435605,
    "cute": 0.2680612720782648,
    "privileged": 0.09375623940372077,
    "liberal": 0.26159755639542764,
    "electable": 0.035949779452893765,
    "outdoors": -1.0194774355173077,
    "healthy": -0.055565793066991664
  }
}