{
  "s3_key": "61/generate/174fb57b-b7a1-41bd-a070-5260c39f0b89~~generated.jpeg",
  "predictions": {
    "trustworthy": 0.014305215180197617,
    "attractive": -0.10460298600574364,
    "dominant": -0.17177737619140676,
    "smart": 0.20342400421902912,
    "age": 0.26398109228707517,
    "gender": -1.2308910830021424,
    "weight": -0.08163706772463117,
    "typical": -0.37835743002819927,
    "happy": -0.3900440291529783,
    "familiar": -0.7004731323620819,
    "outgoing": -0.5410716968462066,
    "well-groomed": 0.4521272524741412,
    "long-haired": 0.7217485559675595,
    "smug": -0.1200930218529789,
    "dorky": -0.5289152300866321,
    "hair-color": -0.13586017236627967,
    "alert": -0.5515488625733596,
    "cute": -0.05940637358418621,
    "privileged": -0.5966038254235364,
    "liberal": 0.4276300617392804,
    "electable": -0.05336820686087132,
    "outdoors": 0.5337977338543678,
    "healthy": -0.17155440634008426
  }
}