{
  "s3_key": "61/generate/afd2cef2-7a12-40ea-8a95-7c9ee1509b90~~generated.jpeg",
  "predictions": {
    "trustworthy": -0.8446869324670923,
    "attractive": -2.074609896867823,
    "dominant": 0.889510785904893,
    "smart": 0.19208849527376012,
    "age": 1.2346670180111874,
    "gender": 1.5866269462881184,
    "weight": 1.0913787434555215,
    "typical": -0.5391099980441822,
    "happy": -0.9439435122430129,
    "familiar": -0.7254960585735868,
    "outgoing": -1.1597795763975562,
    "well-groomed": -0.8855807196128976,
    "long-haired": -1.5120478297924964,
    "smug": 0.4039474974049699,
    "dorky": 0.8660558868481587,
    "hair-color": 0.052396972949359744,
    "alert": -0.9794483925122253,
    "cute": -1.9721145736154329,
    "privileged": -1.0919041843193225,
    "liberal": -0.251517420642668,
    "electable": 0.2723862484480796,
    "outdoors": 1.2665650040496217,
    "healthy": -1.4219362127330266
  }
}