{
  "s3_key": "61/generate/0f43758b-1716-40e9-9e98-913125467f1f~~generated.jpeg",
  "predictions": {
    "trustworthy": -1.451780869894205,
    "attractive": -1.5050542605020898,
    "dominant": 1.7454981830544942,
    "smart": 0.9846443781626688,
    "age": 1.751112520315113,
    "gender": 3.0711557410001613,
    "weight": 0.5385170683674023,
    "typical": 0.48590306796185506,
    "happy": -0.9623096014980885,
    "familiar": 0.11363665388397731,
    "outgoing": -0.7730974772070941,
    "well-groomed": -0.7000127131313233,
    "long-haired": -2.728360489969515,
    "smug": 0.9325441653736972,
    "dorky": 0.8901328012374161,
    "hair-color": -0.5615890383346466,
    "alert": -0.5308206182325377,
    "cute": -2.0957029734302406,
    "privileged": 1.2228521457061592,
    "liberal": -2.3286619660751153,
    "electable": 1.5826297852814064,
    "outdoors": -1.0457294694705863,
    "healthy": -1.4107388803589425
  }
}