{
  "s3_key": "61/generate/0d3ad1d8-ddea-43b0-bb0a-acff3e26cffc~~generated.jpeg",
  "predictions": {
    "trustworthy": -0.42767176308326,
    "attractive": -1.1585207094142576,
    "dominant": 0.37123142444590573,
    "smart": -0.4119123933455599,
    "age": 0.3860079945242562,
    "gender": 1.914347340881346,
    "weight": 0.2369987873276453,
    "typical": 0.8797147889327865,
    "happy": -0.7346008370299627,
    "familiar": 0.36841703153575966,
    "outgoing": -0.7678713598958279,
    "well-groomed": -0.3076102483084041,
    "long-haired": -2.0105623291775565,
    "smug": 0.46614015295390715,
    "dorky": 0.8141631882525258,
    "hair-color": -1.464105477212584,
    "alert": -0.3183944736116016,
    "cute": -0.897853262204122,
    "privileged": 1.5415701858824478,
    "liberal": -2.724533276868308,
    "electable": -0.27750357372169876,
    "outdoors": -0.4223617484218931,
    "healthy": -0.5653741582501187
  }
}