{
  "s3_key": "61/generate/b64746c9-df2a-4463-9dd6-43b828465274~~generated.jpeg",
  "predictions": {
    "trustworthy": 0.5678890724255324,
    "attractive": 1.6577940263913205,
    "dominant": -0.3157590409718206,
    "smart": 0.38725267096573257,
    "age": -0.6806119416863348,
    "gender": -1.5412702444562019,
    "weight": -0.48557048867228497,
    "typical": -0.5524800470240652,
    "happy": 0.5572617789172812,
    "familiar": 0.07653679726398949,
    "outgoing": 0.5823552078035608,
    "well-groomed": 0.9608469492032784,
    "long-haired": 1.8235971420484838,
    "smug": -0.29778167588732973,
    "dorky": -0.7264371388164541,
    "hair-color": 1.0699588496615173,
    "alert": 0.7704643504257707,
    "cute": 1.3864048105387186,
    "privileged": -0.20813831553663203,
    "liberal": 1.137894390853163,
    "electable": 0.14624919376398543,
    "outdoors": -0.512044317023922,
    "healthy": 1.1848450892127125
  }
}