{
  "s3_key": "61/generate/bbd142cb-799e-4837-844c-b480d5fc0ec3~~generated.jpeg",
  "predictions": {
    "trustworthy": -1.0738375046242963,
    "attractive": -1.0406143288635328,
    "dominant": 0.690945209830911,
    "smart": -0.7321564366185274,
    "age": 0.08570770266527396,
    "gender": 2.375678089611721,
    "weight": 0.0183753605072679,
    "typical": -1.4755511567899993,
    "happy": -0.34180210063482547,
    "familiar": -1.17833884836615,
    "outgoing": -0.3905759061775921,
    "well-groomed": -1.4426912180086926,
    "long-haired": -1.894763717456555,
    "smug": 0.6389931178185575,
    "dorky": 0.45794731263917104,
    "hair-color": 0.2835262818408778,
    "alert": -0.4005709587012713,
    "cute": -1.3010846478291422,
    "privileged": -1.4840909518360854,
    "liberal": 0.21145995650187685,
    "electable": -0.4358781228766283,
    "outdoors": -0.5961694039890939,
    "healthy": -0.697309019895432
  }
}