{
  "s3_key": "61/generate/5a1f3102-ee43-4eb5-924a-7a81c0d6f0c7~~generated.jpeg",
  "predictions": {
    "trustworthy": 1.4092291476736973,
    "attractive": 2.5513021395927376,
    "dominant": -1.619313162127151,
    "smart": -0.11958522816473566,
    "age": -1.645148785497349,
    "gender": -2.8528413551783056,
    "weight": -1.0011005271236069,
    "typical": -1.0547370126600275,
    "happy": -0.05489604783241421,
    "familiar": -0.4237946914267621,
    "outgoing": 0.018957566890397848,
    "well-groomed": 1.763360034760192,
    "long-haired": 2.8498034531177567,
    "smug": -1.0941863447669442,
    "dorky": -2.0238117003922547,
    "hair-color": 0.01189427219132383,
    "alert": 0.33690360180815715,
    "cute": 2.891737367531782,
    "privileged": -0.04443769812109066,
    "liberal": 1.89497712477803,
    "electable": -1.59268311345001,
    "outdoors": 0.31002532855472814,
    "healthy": 1.9092128631584548
  }
}