{
  "s3_key": "61/generate/dfaa2aa4-972a-45b0-840e-dc9858f9b3a7~~generated.jpeg",
  "predictions": {
    "trustworthy": -5.404749913512363e-05,
    "attractive": 1.6182223233639768,
    "dominant": -0.23113543635895223,
    "smart": -0.8020491588799632,
    "age": -0.8244348930540064,
    "gender": -1.8809196584266217,
    "weight": -0.30179989332686563,
    "typical": -0.9912656145897207,
    "happy": 0.006455954367185865,
    "familiar": -0.1352950793464362,
    "outgoing": 0.3361756646932263,
    "well-groomed": 1.1165431985909986,
    "long-haired": 2.033302720445672,
    "smug": 0.14781613120522336,
    "dorky": -1.3627003515275395,
    "hair-color": 0.36921696091108047,
    "alert": 0.4653152631510317,
    "cute": 1.4658437427992788,
    "privileged": 0.8313683466903586,
    "liberal": 0.7296974790553319,
    "electable": -0.5215660559779496,
    "outdoors": -3.1173966693156725,
    "healthy": 1.3786670029478783
  }
}