{
  "s3_key": "61/generate/accc1971-ddd8-45d6-a9af-7d179e01c512~~generated.jpeg",
  "predictions": {
    "trustworthy": -0.02621775960991729,
    "attractive": 0.9357508006972428,
    "dominant": -0.15092340733394283,
    "smart": -0.48437723387496184,
    "age": -0.6240736050431521,
    "gender": -1.219070364765313,
    "weight": -0.6737355559073162,
    "typical": 0.2170419130283125,
    "happy": -0.6018528768441667,
    "familiar": 0.5006452134341441,
    "outgoing": -0.4220004034805541,
    "well-groomed": 0.08164035216539,
    "long-haired": 2.133325085903313,
    "smug": -0.11476727920657137,
    "dorky": -0.6509864967622931,
    "hair-color": -0.23629348979633857,
    "alert": -0.9187376307950483,
    "cute": 0.5391701058661258,
    "privileged": 0.41714409237090144,
    "liberal": 0.33110576416023907,
    "electable": -0.40549718963528625,
    "outdoors": 1.019227821565965,
    "healthy": 0.25629137448970324
  }
}