{
  "s3_key": "61/generate/27e4d436-6107-47a2-ba60-57b1b410bdd5~~generated.jpeg",
  "predictions": {
    "trustworthy": -0.4192623087758445,
    "attractive": -0.6840890203445382,
    "dominant": 0.29451136833907265,
    "smart": -0.5748122686498898,
    "age": 0.18777666891961722,
    "gender": 1.3869844907041178,
    "weight": -0.4991706690866506,
    "typical": -0.12953444660446356,
    "happy": -0.6008615678066794,
    "familiar": -0.4025709826169373,
    "outgoing": -0.5815007920566969,
    "well-groomed": -0.2592259855640967,
    "long-haired": -1.9124342534314283,
    "smug": -0.0025258787031468555,
    "dorky": 0.3824699637115535,
    "hair-color": -0.5020280988592789,
    "alert": 0.49299139044579576,
    "cute": -0.5707696380695599,
    "privileged": 0.2287459376627992,
    "liberal": -0.944494606305567,
    "electable": -0.44504776313449934,
    "outdoors": -0.15888267597620478,
    "healthy": -0.3173897387462382
  }
}