{
  "s3_key": "61/generate/1123b394-010e-4be8-b195-d062f6b97606~~generated.jpeg",
  "predictions": {
    "trustworthy": 0.6139363175727683,
    "attractive": 0.5959858200236761,
    "dominant": -0.6367691314007525,
    "smart": 0.2140611327065278,
    "age": -0.7041171674590441,
    "gender": -0.6949414124642849,
    "weight": -0.1447494105294292,
    "typical": 0.5765167527921566,
    "happy": 0.4993225761981325,
    "familiar": 0.453836166961166,
    "outgoing": 0.42253185265973536,
    "well-groomed": 0.6275805745860732,
    "long-haired": 0.4560460860958103,
    "smug": -0.4621844353247726,
    "dorky": -0.3879186636515319,
    "hair-color": 0.083654154684694,
    "alert": 0.4628316930422405,
    "cute": 0.9070453693617841,
    "privileged": 0.27418459414537344,
    "liberal": -0.1603339018729424,
    "electable": -0.10848623650933145,
    "outdoors": 0.48106115058483473,
    "healthy": 0.6548208760643587
  }
}