{
  "s3_key": "61/generate/1645f4b0-19e5-405f-8a0a-d700ea10dce4~~generated.jpeg",
  "predictions": {
    "trustworthy": 0.23664333484340538,
    "attractive": 0.6125739706970214,
    "dominant": 0.03025909510363467,
    "smart": 0.527306770958715,
    "age": 0.11370084472742732,
    "gender": -0.475175911840089,
    "weight": -0.3464530654118602,
    "typical": 0.6225932319726132,
    "happy": 0.5752523139497292,
    "familiar": 0.9996978811811141,
    "outgoing": 0.5851882101927707,
    "well-groomed": 0.4868081434696119,
    "long-haired": 1.0154000522091833,
    "smug": 0.04165048465076371,
    "dorky": -0.1593444033446183,
    "hair-color": -0.6527514494525101,
    "alert": 0.5154636905730562,
    "cute": 0.23408016404133186,
    "privileged": 1.2471526035598541,
    "liberal": -0.0929764715433812,
    "electable": 0.8499653900523056,
    "outdoors": -0.009259029701579609,
    "healthy": 0.29628480706453314
  }
}