{
  "s3_key": "61/generate/288a85a8-9096-4347-919a-25f9e22d80c5~~generated.jpeg",
  "predictions": {
    "trustworthy": 0.05478663256364047,
    "attractive": -0.40622226797139865,
    "dominant": 0.2067835578322245,
    "smart": 0.4852606881374214,
    "age": 0.2714126428854835,
    "gender": 1.3044214072049996,
    "weight": 0.16587306219422812,
    "typical": 1.1338104234801523,
    "happy": 0.6514906031665889,
    "familiar": 0.848032530772429,
    "outgoing": 0.6976557762676079,
    "well-groomed": -0.3856944815231242,
    "long-haired": -0.8611348438229951,
    "smug": -0.0016768059855873374,
    "dorky": 1.0060134407609909,
    "hair-color": -0.9716443973408481,
    "alert": 0.8048452528536973,
    "cute": -0.5749627048310071,
    "privileged": 1.4459497830171266,
    "liberal": -1.6323581065838955,
    "electable": 0.5772328207742916,
    "outdoors": 0.5312104988303084,
    "healthy": -0.2556233820394358
  }
}