{
  "s3_key": "61/generate/97d644da-bdd2-4aa1-a38b-6e040aabc772~~generated.jpeg",
  "predictions": {
    "trustworthy": 0.2170383077567159,
    "attractive": 0.12697926933554046,
    "dominant": 0.1933915481688608,
    "smart": 1.3619750966947077,
    "age": 0.7964912269228723,
    "gender": 0.05884332696323982,
    "weight": 0.03578496606771292,
    "typical": 0.49956117342276163,
    "happy": 1.0382878859454114,
    "familiar": 1.168396367492565,
    "outgoing": 0.9951928851736167,
    "well-groomed": -0.07585876910297831,
    "long-haired": 0.7958166307438967,
    "smug": 0.009357289289539467,
    "dorky": 1.3685348570029443,
    "hair-color": -0.34634659081640173,
    "alert": 0.5051685625569734,
    "cute": -0.6340501999179371,
    "privileged": 1.5905119325408785,
    "liberal": -0.11252378149252426,
    "electable": 1.5860638806826626,
    "outdoors": -1.9313186721051514,
    "healthy": -0.2528179881957239
  }
}