{
  "s3_key": "61/generate/629bfdce-3d7c-4055-8963-b9faaa36ad20~~generated.jpeg",
  "predictions": {
    "trustworthy": 0.34362685163473083,
    "attractive": 0.24135973730846838,
    "dominant": -0.8150826912386883,
    "smart": -0.9149087093882635,
    "age": -0.46724102697098596,
    "gender": -1.6172012447000053,
    "weight": 0.1459538806312864,
    "typical": -0.29568286232301294,
    "happy": 0.0433427232547349,
    "familiar": -0.3711896287741219,
    "outgoing": -0.11196516986394672,
    "well-groomed": -0.024251444885710124,
    "long-haired": 1.8417979988046682,
    "smug": -0.6171487156898914,
    "dorky": -0.452431937459065,
    "hair-color": 0.3043563122354882,
    "alert": -0.0004574074719053134,
    "cute": 0.6861235495093079,
    "privileged": -1.0290744874824433,
    "liberal": 0.9164558370472293,
    "electable": -0.9295979160809122,
    "outdoors": 2.56141264195428,
    "healthy": 0.1701328298250766
  }
}