{
  "s3_key": "61/generate/4b86beb5-0e47-4c01-ac57-27e5da66f6ca~~generated.jpeg",
  "predictions": {
    "trustworthy": -1.1710007944249345,
    "attractive": -0.5470531980477455,
    "dominant": 1.1408520583463446,
    "smart": 0.4335292474154905,
    "age": 1.0098987784828448,
    "gender": -0.20158870077372507,
    "weight": 0.31779830904944784,
    "typical": -1.0750579762542287,
    "happy": -0.7636866991879739,
    "familiar": -0.6945173128412769,
    "outgoing": -0.6398166668693033,
    "well-groomed": 0.21416168115627593,
    "long-haired": 0.6349602283146103,
    "smug": 1.456578467714127,
    "dorky": 0.3883910389344333,
    "hair-color": 0.3145099678038934,
    "alert": -0.5442626498071736,
    "cute": -1.1899507355270242,
    "privileged": 0.2982203674936036,
    "liberal": -0.3099280098664804,
    "electable": 0.9340304285716255,
    "outdoors": 1.1308513831690137,
    "healthy": -0.9066631468526164
  }
}