{
  "s3_key": "61/generate/0a9d00ec-08bf-495a-a1a1-0830d8700b8b~~generated.jpeg",
  "predictions": {
    "trustworthy": 1.1633110701787888,
    "attractive": 0.9993966568357864,
    "dominant": -1.6754043236593936,
    "smart": -1.096685368601665,
    "age": -1.649468315429506,
    "gender": -1.5339365451756675,
    "weight": 0.16174122929381424,
    "typical": -0.4659213564075348,
    "happy": 0.11056760101337783,
    "familiar": -0.8605058404868309,
    "outgoing": -0.012540919990029443,
    "well-groomed": 0.3141543369403991,
    "long-haired": 1.5974792800030782,
    "smug": -0.9423454162801526,
    "dorky": -0.8102926850420276,
    "hair-color": -0.5586597909900094,
    "alert": -0.30687212217273613,
    "cute": 2.085574737814169,
    "privileged": -0.4606007407071482,
    "liberal": 1.2092002570991938,
    "electable": -1.888894186999503,
    "outdoors": 0.6519891110814051,
    "healthy": 1.1383441782113006
  }
}