{
  "s3_key": "61/generate/0de8e0c0-442e-488f-a58f-bcb0617b3835~~generated.jpeg",
  "predictions": {
    "trustworthy": -0.1650527424887262,
    "attractive": 0.050304632244563274,
    "dominant": -0.3958142805164324,
    "smart": -1.4478245735436395,
    "age": -0.7632089504531132,
    "gender": 0.22626650586403643,
    "weight": 0.18543177606430827,
    "typical": -0.5570157959046442,
    "happy": 0.1951385080411362,
    "familiar": -0.6065586080603949,
    "outgoing": 0.32893314805382295,
    "well-groomed": 0.053293177050289575,
    "long-haired": -0.33383972062079414,
    "smug": 0.1836442669406097,
    "dorky": 0.11388654439912926,
    "hair-color": 0.5988218710604594,
    "alert": 0.21404513806630926,
    "cute": 0.6130844220957088,
    "privileged": -0.45222085107659316,
    "liberal": 0.5891093816621856,
    "electable": -0.9737044159416133,
    "outdoors": 0.11547263044263373,
    "healthy": 0.1470207167735546
  }
}