{
  "s3_key": "61/generate/25ddd526-f43c-49da-8fe7-fc4599719944~~generated.jpeg",
  "predictions": {
    "trustworthy": 0.30996421818364195,
    "attractive": 0.10097842740997603,
    "dominant": -0.8693311555320227,
    "smart": -1.6918289271375453,
    "age": -0.9908926008916503,
    "gender": -0.9030907519188949,
    "weight": 0.10452420955836336,
    "typical": -0.2778652779898742,
    "happy": -0.1425751221260263,
    "familiar": -0.4783044125092743,
    "outgoing": -0.10131877787698704,
    "well-groomed": 0.5131112008567563,
    "long-haired": 0.36379411998328093,
    "smug": -0.543511693676752,
    "dorky": -1.0157672831573743,
    "hair-color": 0.32333653871784707,
    "alert": -0.1836093923720003,
    "cute": 0.9932511590199651,
    "privileged": -0.7579073024105039,
    "liberal": 0.34055559594628926,
    "electable": -1.501751393702238,
    "outdoors": -1.4223189795016018,
    "healthy": 0.3698101032804221
  }
}