{
  "s3_key": "61/generate/74f17390-e261-4ba7-b3aa-e34ac38610e8~~generated.jpeg",
  "predictions": {
    "trustworthy": 0.29173929515090935,
    "attractive": -0.8328117422032189,
    "dominant": -0.014161116228812012,
    "smart": 1.3991675714323328,
    "age": 0.3114414879277317,
    "gender": 2.1414912751289843,
    "weight": 0.19018506464362323,
    "typical": 0.2534823320834857,
    "happy": 0.6147923986873325,
    "familiar": -0.1501537825672533,
    "outgoing": 0.3146540487420072,
    "well-groomed": -0.40033037519577835,
    "long-haired": -2.4313008125903472,
    "smug": 0.3083341848537221,
    "dorky": 1.5754181793276978,
    "hair-color": 0.6270641906253833,
    "alert": 0.5761251304199586,
    "cute": -0.7059653816438749,
    "privileged": -0.009750019070171645,
    "liberal": -0.40920876343023316,
    "electable": 0.6128643803565262,
    "outdoors": 0.21378858589581273,
    "healthy": 0.05170416885617504
  }
}