{
  "s3_key": "61/generate/746711a4-81fc-4cc7-a4b5-b7c635b8fb04~~generated.jpeg",
  "predictions": {
    "trustworthy": 1.7023295639809577,
    "attractive": 0.21784147477198162,
    "dominant": -1.8923015603619682,
    "smart": -0.6791744240470932,
    "age": -1.1585366067514793,
    "gender": -0.8775917848381527,
    "weight": 0.32582613949970607,
    "typical": 1.0287607408347932,
    "happy": 1.3817032523165058,
    "familiar": 0.13016592475401764,
    "outgoing": 1.1138238756579062,
    "well-groomed": 0.20465261154350253,
    "long-haired": -0.08914235991532596,
    "smug": -1.2214304980963757,
    "dorky": 0.009632646842472184,
    "hair-color": -0.7085153091029098,
    "alert": 0.7683554893451898,
    "cute": 1.7320042780438238,
    "privileged": 0.1173642292956448,
    "liberal": 0.4469976972810128,
    "electable": -1.238228538412331,
    "outdoors": 1.554902979844022,
    "healthy": 0.879216172842976
  }
}