{
  "s3_key": "61/generate/0ed3dccf-cfc4-4ecd-9b06-2b87048267d3~~generated.jpeg",
  "predictions": {
    "trustworthy": -0.007762135366688294,
    "attractive": -1.0645459958705434,
    "dominant": 0.1577139873271284,
    "smart": -0.30704502195689337,
    "age": 0.978806799201752,
    "gender": -0.26488130942635146,
    "weight": 0.14348772909725588,
    "typical": 0.24994620658817096,
    "happy": 0.2196240559514812,
    "familiar": -0.7131755397130151,
    "outgoing": 0.16872005940316223,
    "well-groomed": 0.026182457821320605,
    "long-haired": -0.31214620017774863,
    "smug": -0.40412344189620286,
    "dorky": 0.26665468681729426,
    "hair-color": -0.7207086064084532,
    "alert": 0.16899202926130819,
    "cute": -0.7977462087568126,
    "privileged": -0.568811322578111,
    "liberal": -0.2361750089210323,
    "electable": 0.08368861037818184,
    "outdoors": 0.13755069782728696,
    "healthy": -1.0247298907069495
  }
}