{
  "s3_key": "61/generate/e09e6974-f3eb-4876-8fb2-582020ea81de~~generated.jpeg",
  "predictions": {
    "trustworthy": -1.0804313799342977,
    "attractive": -1.4327923243209304,
    "dominant": 1.2034672570195284,
    "smart": 0.9877636876674114,
    "age": 1.5569005303694703,
    "gender": 1.8731112052404142,
    "weight": 0.37058533336124844,
    "typical": 0.2695127368686107,
    "happy": -0.5007567383690824,
    "familiar": -0.06496069727024151,
    "outgoing": -0.4006650818770775,
    "well-groomed": -0.23347882432865663,
    "long-haired": -2.2930223420860756,
    "smug": 0.6269276794998351,
    "dorky": 1.414307234231768,
    "hair-color": -1.4930789338768142,
    "alert": -0.10482880383960569,
    "cute": -1.9510756188124025,
    "privileged": 1.5542151852943742,
    "liberal": -2.16623294016611,
    "electable": 1.254056987923686,
    "outdoors": -0.9626321532977604,
    "healthy": -1.0938463787437342
  }
}