{
  "s3_key": "61/generate/36177f2e-63c2-4336-a736-dceb575f7cde~~generated.jpeg",
  "predictions": {
    "trustworthy": -0.12651597023506383,
    "attractive": -0.5130558685277091,
    "dominant": 0.08459749362251032,
    "smart": -0.6093073506843916,
    "age": 0.41465568131511027,
    "gender": 0.36828288066499393,
    "weight": 0.8199595638919832,
    "typical": -0.18102685965954418,
    "happy": -0.17238028617206375,
    "familiar": -0.5442310645367037,
    "outgoing": -0.2988638942904649,
    "well-groomed": -0.1439493911614881,
    "long-haired": -0.6607367282626322,
    "smug": 0.40216686831127807,
    "dorky": -0.19356295483085345,
    "hair-color": -0.6634305478173071,
    "alert": -0.7736252283906115,
    "cute": -0.593905484401898,
    "privileged": -0.04425667116975293,
    "liberal": -0.7311785932172271,
    "electable": -0.22547027008290563,
    "outdoors": 2.8828773400377203,
    "healthy": -0.605816199894173
  }
}