{
  "s3_key": "61/generate/261d0edb-b54b-43e7-892a-f7d846aa0a19~~generated.jpeg",
  "predictions": {
    "trustworthy": -1.2236217681152586,
    "attractive": -0.6567151251366465,
    "dominant": 1.4348574145105182,
    "smart": -0.19080848294598124,
    "age": 0.3276901653905541,
    "gender": 3.0961056689491455,
    "weight": 0.10505933899436254,
    "typical": 0.221288525406168,
    "happy": -0.7253468727878216,
    "familiar": 0.22163668115902208,
    "outgoing": -0.5029143035079636,
    "well-groomed": -0.6972629251070935,
    "long-haired": -2.873006469702189,
    "smug": 0.8115914039605647,
    "dorky": 0.23654558386812924,
    "hair-color": 0.5865872015923308,
    "alert": -0.21816830020872063,
    "cute": -1.2496604803975644,
    "privileged": -0.0770057674971645,
    "liberal": -1.2321609775442361,
    "electable": 0.6175161484057125,
    "outdoors": 0.3857358501971015,
    "healthy": -0.22169562827743802
  }
}