{
  "s3_key": "61/generate/33c89abd-a674-4b97-9799-c24dbfb12c93~~generated.jpeg",
  "predictions": {
    "trustworthy": -0.29971978418544415,
    "attractive": -0.05706906832417924,
    "dominant": -0.3959209438843788,
    "smart": -0.7630250353941477,
    "age": -0.9152229441330659,
    "gender": 0.20228456955216348,
    "weight": -0.15199550778789522,
    "typical": -0.9056020750673186,
    "happy": -0.5554304224158719,
    "familiar": -1.4328939886230718,
    "outgoing": -0.7825344016888318,
    "well-groomed": 0.2604234909480808,
    "long-haired": -0.20643286398687802,
    "smug": 0.5136493275962257,
    "dorky": -0.38713747657533587,
    "hair-color": 0.9207642472893206,
    "alert": -0.6777626930378442,
    "cute": 0.45695893173388225,
    "privileged": -1.242733272619263,
    "liberal": 0.7473744955056417,
    "electable": -1.0550360680799464,
    "outdoors": 3.21586665956185,
    "healthy": 0.1830221425671675
  }
}