{
  "s3_key": "61/generate/4b5aa16c-0155-40a8-9128-2c0e04c63452~~generated.jpeg",
  "predictions": {
    "trustworthy": -1.0093436986892272,
    "attractive": -1.3758138644092786,
    "dominant": 1.3528815939086065,
    "smart": 0.0730089390408325,
    "age": 1.4188229179082492,
    "gender": 2.715713670785472,
    "weight": 0.20761608021715727,
    "typical": -0.007595753309170172,
    "happy": -0.6925326370450386,
    "familiar": -0.3348136098874374,
    "outgoing": -0.6566765756349935,
    "well-groomed": -1.1574749338104906,
    "long-haired": -2.8180793654978396,
    "smug": 0.5985382385529321,
    "dorky": 0.21793378236476824,
    "hair-color": -0.9062354215387395,
    "alert": -0.8753245670630605,
    "cute": -1.8616294601975738,
    "privileged": -0.016931337056054485,
    "liberal": -1.292576529455562,
    "electable": 0.759400243182695,
    "outdoors": 1.4719188902601092,
    "healthy": -1.14399980914067
  }
}