{
  "s3_key": "61/generate/114f6966-7c13-4dff-84bf-1b3e68f9c405~~generated.jpeg",
  "predictions": {
    "trustworthy": 0.6811323398048041,
    "attractive": -0.02484915511064878,
    "dominant": -1.2573220696322605,
    "smart": -2.0490955909587885,
    "age": -0.8650464465123915,
    "gender": -1.1048799342817728,
    "weight": 0.1983058844400693,
    "typical": -0.1837756149249004,
    "happy": 0.531263163885875,
    "familiar": -0.8139108027861646,
    "outgoing": 0.6357803381752305,
    "well-groomed": -0.14293028341363243,
    "long-haired": 0.40490316110769886,
    "smug": -1.2600242172548621,
    "dorky": 0.02881389363071868,
    "hair-color": -0.10980246975840158,
    "alert": 0.8562748781053886,
    "cute": 0.8878559963393335,
    "privileged": -0.35200361543643244,
    "liberal": 0.7196855532441512,
    "electable": -1.5211224121266973,
    "outdoors": -0.8241743883378758,
    "healthy": 0.26570578726199623
  }
}