{
  "s3_key": "61/generate/24aefe02-358a-4405-b564-277d36aae0a9~~generated.jpeg",
  "predictions": {
    "trustworthy": -0.4297968607524349,
    "attractive": -0.28779599503164116,
    "dominant": -0.430811568917303,
    "smart": -0.9807498949093343,
    "age": -0.7992573243562495,
    "gender": 0.1035470721963053,
    "weight": 0.08830650452464428,
    "typical": -0.056915385175901,
    "happy": -1.0016822369777578,
    "familiar": -0.8173778124704836,
    "outgoing": -1.011826587084552,
    "well-groomed": 0.10366027931729005,
    "long-haired": -0.3803376962441889,
    "smug": 0.5807200678198159,
    "dorky": 0.18879768384096962,
    "hair-color": 0.35734866204823035,
    "alert": -1.0476458999358556,
    "cute": 0.26494528570602865,
    "privileged": -0.0620927218339383,
    "liberal": -0.409804027993688,
    "electable": -1.2864993717359101,
    "outdoors": -0.03416220492456318,
    "healthy": 0.12478079802917422
  }
}