{
  "s3_key": "61/generate/0ae5fcc1-968c-4747-88e7-0e9bb7a44fa2~~generated.jpeg",
  "predictions": {
    "trustworthy": 0.9259791852704096,
    "attractive": 0.7439945693398624,
    "dominant": -0.8640278436254643,
    "smart": 0.1715064731570738,
    "age": -0.24946297572501108,
    "gender": -1.1486258800450408,
    "weight": 0.23841632797483914,
    "typical": 0.4482765576814247,
    "happy": 1.0547468856127062,
    "familiar": 0.41807217377810213,
    "outgoing": 0.905494073471826,
    "well-groomed": 0.36703881310782965,
    "long-haired": 1.2270716673889708,
    "smug": -0.844209417000676,
    "dorky": -0.20304697175833722,
    "hair-color": -0.2794856281050003,
    "alert": 0.24975022343066372,
    "cute": 0.7852728742876769,
    "privileged": 0.3794178613345268,
    "liberal": 0.7428346621695109,
    "electable": -0.009803087786230541,
    "outdoors": 1.9189928567658008,
    "healthy": 0.46816969162354594
  }
}