{
  "s3_key": "61/generate/8cf4a640-39e0-4a70-bf7a-5152346259b0~~generated.jpeg",
  "predictions": {
    "trustworthy": -1.2464860252888432,
    "attractive": -1.196781009136922,
    "dominant": 1.1205229499868417,
    "smart": 0.08332227977726586,
    "age": 0.860470403005517,
    "gender": 4.03529664860582,
    "weight": 0.40501859721277916,
    "typical": 0.7288507142263354,
    "happy": -0.06197678216707285,
    "familiar": 0.25590747036881367,
    "outgoing": -0.2791600277570293,
    "well-groomed": -2.1980002619543884,
    "long-haired": -3.3917848551506724,
    "smug": 1.0653749281701745,
    "dorky": 1.3061050740839508,
    "hair-color": 0.1621087412417419,
    "alert": -0.42199999303692165,
    "cute": -1.7675817056158118,
    "privileged": 0.5937569193328026,
    "liberal": -1.7527347480547677,
    "electable": 0.545017968450804,
    "outdoors": -0.16707805027271716,
    "healthy": -0.8820624689794293
  }
}