{
  "s3_key": "61/generate/c5c46175-b5b2-4f92-a330-3bf4615ce1ec~~generated.jpeg",
  "predictions": {
    "trustworthy": 0.03186712966420224,
    "attractive": 0.37350946418335734,
    "dominant": 0.2475660044584758,
    "smart": -0.5392624363617031,
    "age": 0.4653778946564783,
    "gender": -1.2224024516590566,
    "weight": 0.27183092623956673,
    "typical": -0.008868124539589906,
    "happy": 0.25340317352286673,
    "familiar": 0.57753391072017,
    "outgoing": 0.5425888694119722,
    "well-groomed": 0.31741366567224694,
    "long-haired": 1.6787248709882174,
    "smug": -0.13415290770205746,
    "dorky": -0.9733647201213138,
    "hair-color": -0.8118530759120727,
    "alert": 0.3543466563472889,
    "cute": -0.037796435831221664,
    "privileged": 0.9836670949359564,
    "liberal": -0.4948819371163927,
    "electable": 0.4401967167925177,
    "outdoors": -0.28490752234178773,
    "healthy": -0.04253388330916244
  }
}