{
  "s3_key": "61/generate/8d2d8492-ba0b-4f81-afb2-73517ad7d06e~~generated.jpeg",
  "predictions": {
    "trustworthy": 0.09609851595337182,
    "attractive": 0.2666483540008452,
    "dominant": -0.6113619064170737,
    "smart": -0.06301707135153617,
    "age": -0.7147294386749525,
    "gender": -0.9233696679840946,
    "weight": 0.22862770606582633,
    "typical": -1.966790058861601,
    "happy": -0.23272271866869404,
    "familiar": -1.5943087658633335,
    "outgoing": -0.27510893846180257,
    "well-groomed": 0.8271449164317609,
    "long-haired": 0.7863088358981535,
    "smug": -0.0977983328653304,
    "dorky": -0.5306740077738824,
    "hair-color": 1.8806141008851913,
    "alert": -0.2890274150232776,
    "cute": 0.6349058688216185,
    "privileged": -1.4172581635570995,
    "liberal": 1.7459203883185852,
    "electable": -0.8660669546720048,
    "outdoors": 1.3750851140472382,
    "healthy": 0.42921390340974275
  }
}