{
  "s3_key": "61/generate/5f60caa7-e999-4ebc-add7-0e57a8436a50~~generated.jpeg",
  "predictions": {
    "trustworthy": 0.5080041453512747,
    "attractive": -0.11554767489801582,
    "dominant": -0.14927919727877662,
    "smart": 0.9235644129071447,
    "age": 0.3228644516897918,
    "gender": 0.7969001742679449,
    "weight": 0.39093429601171936,
    "typical": 0.8050034511526887,
    "happy": 0.8170332832982591,
    "familiar": 0.7732977608956328,
    "outgoing": 0.6582391202483879,
    "well-groomed": -0.11844766565852272,
    "long-haired": -0.4239468601515042,
    "smug": -0.48704967856244036,
    "dorky": 0.8892726562541597,
    "hair-color": 0.6164932858965344,
    "alert": 0.9061118877260208,
    "cute": -0.287513551383186,
    "privileged": 0.6505928380801921,
    "liberal": -0.3680984498400033,
    "electable": 1.01249826808043,
    "outdoors": -3.2214432696856496,
    "healthy": 0.04527994136275751
  }
}