{
  "s3_key": "61/generate/61a5f377-44c1-4942-a481-c2dd26be35cd~~generated.jpeg",
  "predictions": {
    "trustworthy": 0.32580214206593217,
    "attractive": -1.0286473633669224,
    "dominant": -0.1271839096172641,
    "smart": 0.14264092437497825,
    "age": 0.08553031419446058,
    "gender": 1.3729708575695425,
    "weight": 0.8066594021279989,
    "typical": -0.2116295722821015,
    "happy": 0.5515795508118511,
    "familiar": -0.6813555658987458,
    "outgoing": 0.31615494421640766,
    "well-groomed": -0.8023603263801461,
    "long-haired": -1.4090656405546418,
    "smug": -0.5406888723514456,
    "dorky": 1.5080246211258312,
    "hair-color": 1.4554693677713848,
    "alert": 0.33424651333416633,
    "cute": -0.5968022007566511,
    "privileged": -1.3572945128119442,
    "liberal": 0.7730923458710487,
    "electable": 0.28507500066291347,
    "outdoors": -0.9487018512431533,
    "healthy": -0.13920914362473955
  }
}